                  epoch,         train/box_loss,         train/cls_loss,         train/dfl_loss,   metrics/precision(B),      metrics/recall(B),       metrics/mAP50(B),    metrics/mAP50-95(B),           val/box_loss,           val/cls_loss,           val/dfl_loss,                 lr/pg0,                 lr/pg1,                 lr/pg2
                      1,                 1.0851,                 3.3531,                 1.4848,                0.00893,                0.58333,                0.02826,                0.01626,                 1.3829,                 4.5039,                 1.2771,                      0,                      0,                      0
                      2,                 1.3565,                 3.3426,                 1.6342,                0.01267,                0.58333,                0.04401,                0.02546,                 1.3597,                 4.4419,                 1.2696,             1.3369e-05,             1.3369e-05,             1.3369e-05
                      3,                 1.0629,                 2.8536,                 1.5306,                0.01842,                0.58333,                0.08081,                0.06047,                 1.3744,                 4.4292,                 1.2739,             2.0137e-05,             2.0137e-05,             2.0137e-05
                      4,                 1.1734,                 2.7913,                 1.5432,                0.02257,                0.58333,                0.12472,                0.09646,                 1.3873,                 4.4904,                 1.2569,             2.0304e-05,             2.0304e-05,             2.0304e-05
                      5,                 0.9632,                 2.2599,                 1.4478,                0.11031,                0.58333,                 0.1686,                0.12634,                 1.4189,                 4.5219,                 1.2449,             1.3869e-05,             1.3869e-05,             1.3869e-05
